id,unique_name,display_name,description,url,notes
ecc07a88-b027-4b7c-930a-86635ad177ba,stench,Stench,"By releasing a stench when attacking, the Pokémon may cause the target to flinch.",https://bulbapedia.bulbagarden.net/wiki/Stench_(Ability),
ad664425-1c33-4ea6-833d-568acf91a2b8,drizzle,Drizzle,The Pokémon makes it rain when it enters a battle.,https://bulbapedia.bulbagarden.net/wiki/Drizzle_(Ability),
ffbdfff3-980d-492b-816c-2e7c7f448cfa,speed-boost,Speed Boost,The Pokémon's Speed stat is boosted every turn.,https://bulbapedia.bulbagarden.net/wiki/Speed_Boost_(Ability),
a8c781ac-5dd7-42d8-bfe1-f865068feb56,battle-armor,Battle Armor,Hard armor protects the Pokémon from critical hits.,https://bulbapedia.bulbagarden.net/wiki/Battle_Armor_(Ability),
328642ba-8021-4cb0-ad86-0a6e21d50a27,sturdy,Sturdy,The Pokémon cannot be knocked out by a single hit as long as its HP is full. One-hit KO moves will also fail to knock it out.,https://bulbapedia.bulbagarden.net/wiki/Sturdy_(Ability),
7a462f87-0b1f-4d58-9dee-e657bb034301,damp,Damp,"The Pokémon dampens its surroundings, preventing all Pokémon from using explosive moves such as Self-Destruct.",https://bulbapedia.bulbagarden.net/wiki/Damp_(Ability),
b5ed270d-b683-4887-8326-6010652aa029,limber,Limber,The Pokémon's limber body prevents it from being paralyzed.,https://bulbapedia.bulbagarden.net/wiki/Limber_(Ability),
8130fa8d-8114-4e59-8c65-f0d1bbb5d5a4,sand-veil,Sand Veil,Boosts the Pokémon's evasiveness in a sandstorm.,https://bulbapedia.bulbagarden.net/wiki/Sand_Veil_(Ability),
fbdc4649-014f-4b0c-9dcc-d58536c06580,static,Static,The Pokémon is charged with static electricity and may paralyze attackers that make direct contact with it.,https://bulbapedia.bulbagarden.net/wiki/Static_(Ability),
3a10dc23-0a22-431e-8016-308cc39ead5b,volt-absorb,Volt Absorb,"If hit by an Electric-type move, the Pokémon has its HP restored instead of taking damage.",https://bulbapedia.bulbagarden.net/wiki/Volt_Absorb_(Ability),
9aa36312-f1c9-4411-8a1e-c3222028bc9c,water-absorb,Water Absorb,"If hit by a Water-type move, the Pokémon has its HP restored instead of taking damage.",https://bulbapedia.bulbagarden.net/wiki/Water_Absorb_(Ability),
80131f0a-8d9f-4021-9ee8-e33a2826f12a,oblivious,Oblivious,"The Pokémon is oblivious, keeping it from being infatuated, falling for taunts, or being affected by Intimidate.",https://bulbapedia.bulbagarden.net/wiki/Oblivious_(Ability),
038b27e4-8819-4adf-83c9-c800767a812b,cloud-nine,Cloud Nine,Eliminates the effects of weather.,https://bulbapedia.bulbagarden.net/wiki/Cloud_Nine_(Ability),
79df03aa-d478-4ab7-bd64-5e8036d717a6,compound-eyes,Compound Eyes,The Pokémon's compound eyes boost its accuracy.,https://bulbapedia.bulbagarden.net/wiki/Compound_Eyes_(Ability),
4af2872b-d962-406e-b6f8-c6f05fa68e45,insomnia,Insomnia,,https://bulbapedia.bulbagarden.net/wiki/Insomnia_(Ability),
34b807e0-c54f-4503-875e-bf8bf62f1960,color-change,Color Change,,https://bulbapedia.bulbagarden.net/wiki/Color_Change_(Ability),
edeea11d-0a70-4310-a518-312e368a0610,immunity,Immunity,The Pokémon's immune system prevents it from being poisoned.,https://bulbapedia.bulbagarden.net/wiki/Immunity_(Ability),
c99d8c88-bb70-42d3-94e5-07d8f6ab8c13,flash-fire,Flash Fire,"If hit by a Fire-type move, the Pokémon absorbs the flames and uses them to power up its own Fire-type moves.",https://bulbapedia.bulbagarden.net/wiki/Flash_Fire_(Ability),
cb96b5b5-c7e8-4d5f-ac4a-c5d640011b04,shield-dust,Shield Dust,Protective dust shields the Pokémon from the additional effects of moves.,https://bulbapedia.bulbagarden.net/wiki/Shield_Dust_(Ability),
9443690b-2aa5-4eb6-89d3-1ef200713f73,own-tempo,Own Tempo,"The Pokémon sticks to its own tempo, preventing it from becoming confused or being affected by Intimidate.",https://bulbapedia.bulbagarden.net/wiki/Own_Tempo_(Ability),
c65ed6f0-21fa-415d-9c9f-eab062b63f3c,suction-cups,Suction Cups,,https://bulbapedia.bulbagarden.net/wiki/Suction_Cups_(Ability),
4e346729-c898-40b5-a6ca-5a23b5fecd1d,intimidate,Intimidate,"When the Pokémon enters a battle, it intimidates opposing Pokémon and makes them cower, lowering their Attack stats.",https://bulbapedia.bulbagarden.net/wiki/Intimidate_(Ability),
5d4d10d0-2b26-4a82-a91c-fab2cb1051a5,shadow-tag,Shadow Tag,The Pokémon steps on the opposing Pokémon's shadows to prevent them from fleeing or switching out.,https://bulbapedia.bulbagarden.net/wiki/Shadow_Tag_(Ability),
24b89200-c379-429f-8e7e-e80db2a54fac,rough-skin,Rough Skin,The Pokémon's rough skin damages attackers that make direct contact with it.,https://bulbapedia.bulbagarden.net/wiki/Rough_Skin_(Ability),
916160a5-4cbc-4940-9a0b-52d5195c4f0d,wonder-guard,Wonder Guard,,https://bulbapedia.bulbagarden.net/wiki/Wonder_Guard_(Ability),
c5c7ed7f-2cee-4199-bf0c-00c3af7d01df,levitate,Levitate,"By floating in the air, the Pokémon receives full immunity to all Ground-type moves.",https://bulbapedia.bulbagarden.net/wiki/Levitate_(Ability),
6665df9d-0903-48f0-bdd6-996f92a82d24,effect-spore,Effect Spore,"Contact with the Pokémon may inflict poison, sleep, or paralysis on the attacker.",https://bulbapedia.bulbagarden.net/wiki/Effect_Spore_(Ability),
1e8444fa-ef65-4bdb-baac-3d9cabf143da,synchronize,Synchronize,"If the Pokémon is burned, paralyzed, or poisoned by another Pokémon, that Pokémon will be inflicted with the same status condition.",https://bulbapedia.bulbagarden.net/wiki/Synchronize_(Ability),
0e5063f3-e46a-4753-8c2d-e99e8a0da011,clear-body,Clear Body,Prevents other Pokémon's moves or Abilities from lowering the Pokémon's stats.,https://bulbapedia.bulbagarden.net/wiki/Clear_Body_(Ability),
d22a4817-0538-4c7c-8155-891e4ce7f993,natural-cure,Natural Cure,The Pokémon's status conditions are cured when it switches out.,https://bulbapedia.bulbagarden.net/wiki/Natural_Cure_(Ability),
6e4d1eb1-634e-4a7f-9c26-08001e210620,lightning-rod,Lightning Rod,"The Pokémon draws in all Electric-type moves. Instead of taking damage from them, its Sp. Atk stat is boosted.",https://bulbapedia.bulbagarden.net/wiki/Lightning_Rod_(Ability),
91ed20d0-fbe0-487d-8d3f-60668a7654e1,serene-grace,Serene Grace,Raises the likelihood of additional effects occurring when the Pokémon uses its moves.,https://bulbapedia.bulbagarden.net/wiki/Serene_Grace_(Ability),
5f2be296-0921-4899-b6a4-992693147279,swift-swim,Swift Swim,Boosts the Pokémon's Speed stat in rain.,https://bulbapedia.bulbagarden.net/wiki/Swift_Swim_(Ability),
401717a9-054c-467b-bce8-5ff343c075aa,chlorophyll,Chlorophyll,Boosts the Pokémon's Speed stat in harsh sunlight.,https://bulbapedia.bulbagarden.net/wiki/Chlorophyll_(Ability),
359c1604-0f92-4d36-a605-ca4f0d128437,illuminate,Illuminate,,https://bulbapedia.bulbagarden.net/wiki/Illuminate_(Ability),
b7e2eb54-382b-49bf-8c32-62effc1351ff,trace,Trace,"When it enters a battle, the Pokémon copies an opposing Pokémon's Ability.",https://bulbapedia.bulbagarden.net/wiki/Trace_(Ability),
9cdbb3fc-d37e-4807-bf2e-32321ca26bb9,huge-power,Huge Power,Doubles the Pokémon's Attack stat.,https://bulbapedia.bulbagarden.net/wiki/Huge_Power_(Ability),
940a0bf5-0e67-4a0f-a8b7-c78d6d98dbf9,poison-point,Poison Point,Contact with the Pokémon may poison the attacker.,https://bulbapedia.bulbagarden.net/wiki/Poison_Point_(Ability),
d3828a42-7349-4b56-80ec-a1268d3c9c14,inner-focus,Inner Focus,The Pokémon's intense focus prevents it from flinching or being affected by Intimidate.,https://bulbapedia.bulbagarden.net/wiki/Inner_Focus_(Ability),
63132d3d-6734-40f4-b2f1-453b3c9e8d28,magma-armor,Magma Armor,The Pokémon’s hot magma coating prevents it from being frozen.,https://bulbapedia.bulbagarden.net/wiki/Magma_Armor_(Ability),
b15c6eb6-78ff-4077-9752-a4a44d36e9ef,water-veil,Water Veil,The Pokémon's water veil prevents it from being burned.,https://bulbapedia.bulbagarden.net/wiki/Water_Veil_(Ability),
0f0c0e91-bf7e-476f-859d-0357bcb61a0e,magnet-pull,Magnet Pull,Prevents Steel-type Pokémon from fleeing by pulling them in with magnetism.,https://bulbapedia.bulbagarden.net/wiki/Magnet_Pull_(Ability),
ad8d4c00-4962-488b-894e-0c49b6cc4ba8,soundproof,Soundproof,Soundproofing gives the Pokémon full immunity to all sound-based moves.,https://bulbapedia.bulbagarden.net/wiki/Soundproof_(Ability),
17f80c8b-548e-4acf-9f33-9ea20df29dba,rain-dish,Rain Dish,The Pokémon gradually regains HP in rain.,https://bulbapedia.bulbagarden.net/wiki/Rain_Dish_(Ability),
2493a250-84a2-46f4-bba6-9ac381f88b28,sand-stream,Sand Stream,The Pokémon summons a sandstorm when it enters a battle.,https://bulbapedia.bulbagarden.net/wiki/Sand_Stream_(Ability),
2c5c5926-88b6-4767-8620-feb130ec3886,pressure,Pressure,"Puts other Pokémon under pressure, causing them to expend more PP to use their moves.",https://bulbapedia.bulbagarden.net/wiki/Pressure_(Ability),
591f95c3-9909-4960-b4bb-211fa875ba36,thick-fat,Thick Fat,"The Pokémon is protected by a layer of thick fat, which halves the damage taken from Fire- and Ice-type moves.",https://bulbapedia.bulbagarden.net/wiki/Thick_Fat_(Ability),
3b9f56c9-ce44-4863-880d-93f63f6bc116,early-bird,Early Bird,The Pokémon awakens from sleep twice as fast as other Pokémon.,https://bulbapedia.bulbagarden.net/wiki/Early_Bird_(Ability),
f60f71c6-9a17-45fd-bd51-efba812c0d60,flame-body,Flame Body,Contact with the Pokémon may burn the attacker.,https://bulbapedia.bulbagarden.net/wiki/Flame_Body_(Ability),
d5e48dea-1659-4752-abe3-4e3685cf251f,run-away,Run Away,Enables a sure getaway from wild Pokémon.,https://bulbapedia.bulbagarden.net/wiki/Run_Away_(Ability),
d13f1380-4df7-45b6-8d88-0270e1cca3e6,keen-eye,Keen Eye,The Pokémon's keen eyes prevent its accuracy from being lowered.,https://bulbapedia.bulbagarden.net/wiki/Keen_Eye_(Ability),
fa15072d-bf15-4e74-82a5-291086056709,hyper-cutter,Hyper Cutter,"The Pokémon's prized, mighty pincers prevent other Pokémon from lowering its Attack stat.",https://bulbapedia.bulbagarden.net/wiki/Hyper_Cutter_(Ability),
e1d644ae-3eae-4bea-8342-8e919811ecf8,pickup,Pickup,"The Pokémon may pick up an item another Pokémon used during a battle. It may pick up items outside of battle, too.",https://bulbapedia.bulbagarden.net/wiki/Pickup_(Ability),
4957cdd6-5d9b-40f9-82eb-a55f3ebfb879,truant,Truant,"Each time the Pokémon uses a move, it spends the next turn loafing around.",https://bulbapedia.bulbagarden.net/wiki/Truant_(Ability),
19be5646-d83a-4aed-b244-10771f517f98,hustle,Hustle,Boosts the Pokémon's Attack stat but lowers its accuracy.,https://bulbapedia.bulbagarden.net/wiki/Hustle_(Ability),
d7d50bd2-28a2-46da-bd46-d63ebd821894,cute-charm,Cute Charm,The Pokémon may infatuate attackers that make direct contact with it.,https://bulbapedia.bulbagarden.net/wiki/Cute_Charm_(Ability),
f338f0c8-0369-40af-8717-e5507fb51d34,plus,Plus,Boosts the Sp. Atk stat of the Pokémon if an ally with the Plus or Minus Ability is also in battle.,https://bulbapedia.bulbagarden.net/wiki/Plus_(Ability),
f766a070-6802-4272-ac24-e841fa3f9435,minus,Minus,Boosts the Sp. Atk stat of the Pokémon if an ally with the Plus or Minus Ability is also in battle.,https://bulbapedia.bulbagarden.net/wiki/Minus_(Ability),
2efaf083-8ee4-4770-b92d-f36d0e3087e2,forecast,Forecast,,https://bulbapedia.bulbagarden.net/wiki/Forecast_(Ability),
a6a2565e-cf9f-4f72-97e7-010bcc985dad,sticky-hold,Sticky Hold,The Pokémon's held items cling to its sticky body and cannot be removed by other Pokémon.,https://bulbapedia.bulbagarden.net/wiki/Sticky_Hold_(Ability),
55b93d0a-a60a-4787-9cd3-2f5b4b329ab2,shed-skin,Shed Skin,The Pokémon may cure its own status conditions by shedding its skin.,https://bulbapedia.bulbagarden.net/wiki/Shed_Skin_(Ability),
8d8c94c5-544f-4855-8e93-a1c66eef5e91,guts,Guts,It's so gutsy that having a status condition boosts the Pokémon's Attack stat.,https://bulbapedia.bulbagarden.net/wiki/Guts_(Ability),
e0402edd-e6e5-42db-9a28-9ba39a532e71,marvel-scale,Marvel Scale,The Pokémon's marvelous scales boost its Defense stat if it has a status condition.,https://bulbapedia.bulbagarden.net/wiki/Marvel_Scale_(Ability),
81f1d5b4-4405-447d-a9c4-c0007a048cf5,liquid-ooze,Liquid Ooze,The strong stench of the Pokémon's oozed liquid damages attackers that use HP-draining moves.,https://bulbapedia.bulbagarden.net/wiki/Liquid_Ooze_(Ability),
45c2417a-0514-4a45-830b-3e5619bceda1,overgrow,Overgrow,Powers up Grass-type moves when the Pokémon's HP is low.,https://bulbapedia.bulbagarden.net/wiki/Overgrow_(Ability),
ce275a30-26ad-40c0-92a7-2390ea876786,blaze,Blaze,Powers up Fire-type moves when the Pokémon's HP is low.,https://bulbapedia.bulbagarden.net/wiki/Blaze_(Ability),
8c8accf8-9365-4095-b8f9-813cb97cd1be,torrent,Torrent,Powers up Water-type moves when the Pokémon's HP is low.,https://bulbapedia.bulbagarden.net/wiki/Torrent_(Ability),
a6a1d411-1250-4ba7-abd8-9eba1e273cf8,swarm,Swarm,Powers up Bug-type moves when the Pokémon's HP is low.,https://bulbapedia.bulbagarden.net/wiki/Swarm_(Ability),
e6bfc6d2-ca7c-4c7e-85ab-1f2ee02a5066,rock-head,Rock Head,Protects the Pokémon from recoil damage.,https://bulbapedia.bulbagarden.net/wiki/Rock_Head_(Ability),
f258e241-c319-4e37-b6f9-6fa9ccb13eaa,drought,Drought,Turns the sunlight harsh when the Pokémon enters a battle.,https://bulbapedia.bulbagarden.net/wiki/Drought_(Ability),
06c1e66e-0c04-4a8c-bf40-a5abe7675260,arena-trap,Arena Trap,Prevents opposing Pokémon from fleeing from battle.,https://bulbapedia.bulbagarden.net/wiki/Arena_Trap_(Ability),
f44ad430-0c62-4163-87a3-4f6ce4615b0f,vital-spirit,Vital Spirit,"The Pokémon is full of vitality, and that prevents it from falling asleep.",https://bulbapedia.bulbagarden.net/wiki/Vital_Spirit_(Ability),
1fa58e51-770a-42f8-97d5-a9b8e1caefab,white-smoke,White Smoke,"The Pokémon is protected by its white smoke, which prevents other Pokémon from lowering its stats.",https://bulbapedia.bulbagarden.net/wiki/White_Smoke_(Ability),
b8d8a2ae-6ee6-494c-aff7-5a093673153e,pure-power,Pure Power,"Using its pure power, the Pokémon doubles its Attack stat.",https://bulbapedia.bulbagarden.net/wiki/Pure_Power_(Ability),
6cb9bd87-c4b9-454b-aab4-b9134f5cdbe4,shell-armor,Shell Armor,A hard shell protects the Pokémon from critical hits.,https://bulbapedia.bulbagarden.net/wiki/Shell_Armor_(Ability),
48c20744-f4e1-49a1-944a-aa3f4c3af537,air-lock,Air Lock,,https://bulbapedia.bulbagarden.net/wiki/Air_Lock_(Ability),
33ca5299-bbe2-4e1d-b3b7-a5e5b94e49d4,tangled-feet,Tangled Feet,Boosts the Pokémon's evasiveness if it is confused.,https://bulbapedia.bulbagarden.net/wiki/Tangled_Feet_(Ability),
9b6f0221-9a8b-4b51-9636-ed4a344b8a4c,motor-drive,Motor Drive,,https://bulbapedia.bulbagarden.net/wiki/Motor_Drive_(Ability),
f099c5d5-1b94-461f-8326-2cd90d067e8d,rivalry,Rivalry,"The Pokémon's competitive spirit makes it deal more damage to Pokémon of the same gender, but less damage to Pokémon of the opposite gender.",https://bulbapedia.bulbagarden.net/wiki/Rivalry_(Ability),
9e43380e-4b04-4a21-b21d-aa9cb7af7f4a,steadfast,Steadfast,The Pokémon's determination boosts its Speed stat every time it flinches.,https://bulbapedia.bulbagarden.net/wiki/Steadfast_(Ability),
0e3616a0-c7cf-4972-9910-381629dc0d48,snow-cloak,Snow Cloak,Boosts the Pokémon's evasiveness in snow.,https://bulbapedia.bulbagarden.net/wiki/Snow_Cloak_(Ability),
56723510-3ebb-4a71-8d00-34d92c2f9a96,gluttony,Gluttony,"If the Pokémon is holding a Berry to be eaten when its HP is low, it will instead eat the Berry when its HP drops to half or less.",https://bulbapedia.bulbagarden.net/wiki/Gluttony_(Ability),
fb2c7c5f-4dd9-4b0f-a6fb-08ec4523e4d6,anger-point,Anger Point,"The Pokémon is angered when it takes a critical hit, and that maxes its Attack stat.",https://bulbapedia.bulbagarden.net/wiki/Anger_Point_(Ability),
0b0cf5b9-a42b-4113-803a-cf437e67f5e9,unburden,Unburden,Boosts the Speed stat if the Pokémon's held item is used or lost.,https://bulbapedia.bulbagarden.net/wiki/Unburden_(Ability),
34977e05-3625-44d0-8b5c-05fa4b2eda59,heatproof,Heatproof,The Pokémon's heatproof body halves the damage taken from Fire-type moves.,https://bulbapedia.bulbagarden.net/wiki/Heatproof_(Ability),
805de3fa-5de5-4511-9d4c-81daf8d0cd9f,simple,Simple,Doubles the effects of the Pokémon's stat changes.,https://bulbapedia.bulbagarden.net/wiki/Simple_(Ability),
3f196afa-6954-4cdd-a35e-9cbd6b59ab7c,dry-skin,Dry Skin,"Restores the Pokémon's HP in rain or when it is hit by Water-type moves. Reduces HP in harsh sunlight, and increases the damage received from Fire-type moves.",https://bulbapedia.bulbagarden.net/wiki/Dry_Skin_(Ability),
e522ecea-7d38-47c2-a194-8b3a2ed3f635,download,Download,,https://bulbapedia.bulbagarden.net/wiki/Download_(Ability),
bff137e6-e4a8-4619-aea3-99c034dd9ccd,iron-fist,Iron Fist,Powers up punching moves.,https://bulbapedia.bulbagarden.net/wiki/Iron_Fist_(Ability),
d7868bfb-3989-4676-b374-e0c6f3ff7778,poison-heal,Poison Heal,"If poisoned, the Pokémon has its HP restored instead of taking damage.",https://bulbapedia.bulbagarden.net/wiki/Poison_Heal_(Ability),
6586051d-2653-4117-86df-d97d40ffecee,adaptability,Adaptability,Powers up moves of the same type as the Pokémon.,https://bulbapedia.bulbagarden.net/wiki/Adaptability_(Ability),
c36cbf1b-4094-418a-8f60-c4aaf97a13a4,skill-link,Skill Link,Maximizes the number of times multistrike moves hit.,https://bulbapedia.bulbagarden.net/wiki/Skill_Link_(Ability),
523b9358-40b0-4b9e-998e-80ca23f5dcdb,hydration,Hydration,Cures the Pokémon's status conditions in rain.,https://bulbapedia.bulbagarden.net/wiki/Hydration_(Ability),
043e58ca-45bc-47a3-890c-24feaa93b7f3,solar-power,Solar Power,"In harsh sunlight, the Pokémon's Sp. Atk stat is boosted, but its HP decreases every turn.",https://bulbapedia.bulbagarden.net/wiki/Solar_Power_(Ability),
847d62b8-0f52-4b10-a2b8-d37029c2a82c,quick-feet,Quick Feet,Boosts the Speed stat if the Pokémon has a status condition.,https://bulbapedia.bulbagarden.net/wiki/Quick_Feet_(Ability),
58cc95d0-6292-4a56-a967-1cf3fbab9449,normalize,Normalize,,https://bulbapedia.bulbagarden.net/wiki/Normalize_(Ability),
516b87c1-2d64-48e6-a128-59e0de5d473a,sniper,Sniper,,https://bulbapedia.bulbagarden.net/wiki/Sniper_(Ability),
58fa17a9-6b4e-4cf8-991e-17f6926dfbbb,magic-guard,Magic Guard,,https://bulbapedia.bulbagarden.net/wiki/Magic_Guard_(Ability),
fc61da6b-a0bf-4790-9138-d42b9b627cb6,no-guard,No Guard,The Pokémon employs no-guard tactics to ensure incoming and outgoing attacks always land.,https://bulbapedia.bulbagarden.net/wiki/No_Guard_(Ability),
9d3cf131-85b7-4a12-b6ab-1343786e97dd,stall,Stall,The Pokémon is always the last to use its moves.,https://bulbapedia.bulbagarden.net/wiki/Stall_(Ability),
06b9b787-a6bc-4e93-8417-8a2051996a63,technician,Technician,Powers up weak moves so the Pokémon can deal more damage with them.,https://bulbapedia.bulbagarden.net/wiki/Technician_(Ability),
66982f01-7852-4ec2-a112-deceb5d444ed,leaf-guard,Leaf Guard,Prevents status conditions in harsh sunlight.,https://bulbapedia.bulbagarden.net/wiki/Leaf_Guard_(Ability),
d8b7977a-72ec-466d-bdd8-33308721c55b,klutz,Klutz,The Pokémon can't use any held items.,https://bulbapedia.bulbagarden.net/wiki/Klutz_(Ability),
2cca9062-e7c2-4d5d-91fc-99664c7db173,mold-breaker,Mold Breaker,The Pokémon's moves are unimpeded by the Ability of the target.,https://bulbapedia.bulbagarden.net/wiki/Mold_Breaker_(Ability),
ff11f168-f2a1-444c-84ca-b0c0f06f63dc,super-luck,Super Luck,The Pokémon is so lucky that the critical-hit ratios of its moves are boosted.,https://bulbapedia.bulbagarden.net/wiki/Super_Luck_(Ability),
7f759dee-479c-4b50-8cd5-65bb7a4fc27b,aftermath,Aftermath,Damages the attacker if it knocks out the Pokémon with a move that makes direct contact.,https://bulbapedia.bulbagarden.net/wiki/Aftermath_(Ability),
163e0e91-b12b-4bda-a05a-3882dc5103b4,anticipation,Anticipation,The Pokémon can sense an opposing Pokémon's dangerous moves.,https://bulbapedia.bulbagarden.net/wiki/Anticipation_(Ability),
3b351f1e-24d6-4a11-b5de-f2bcac1a155a,forewarn,Forewarn,"When it enters a battle, the Pokémon can tell one of the moves an opposing Pokémon has.",https://bulbapedia.bulbagarden.net/wiki/Forewarn_(Ability),
5d690302-bd55-476c-bc83-29a1809ee08e,unaware,Unaware,"When attacking, the Pokémon ignores the target's stat changes.",https://bulbapedia.bulbagarden.net/wiki/Unaware_(Ability),
1ef49760-861c-4133-a75c-6542675035b6,tinted-lens,Tinted Lens,The Pokémon can use “not very effective” moves to deal regular damage.,https://bulbapedia.bulbagarden.net/wiki/Tinted_Lens_(Ability),
15885f70-6cbf-4bb4-9512-89a01cf85dc0,filter,Filter,Reduces the power of supereffective attacks that hit the Pokémon.,https://bulbapedia.bulbagarden.net/wiki/Filter_(Ability),
17881c33-622e-4687-a71b-8516a09b869f,slow-start,Slow Start,"For five turns, the Pokémon's Attack and Speed stats are halved.",https://bulbapedia.bulbagarden.net/wiki/Slow_Start_(Ability),
8b808806-cddf-4c79-bcd0-6a2147e99e15,scrappy,Scrappy,The Pokémon can hit Ghost-type Pokémon with Normal- and Fighting-type moves. It is also unaffected by Intimidate.,https://bulbapedia.bulbagarden.net/wiki/Scrappy_(Ability),
e43b9bfd-939d-458c-b92a-5bcad07b0be1,storm-drain,Storm Drain,"The Pokémon draws in all Water-type moves. Instead of taking damage from them, its Sp. Atk stat is boosted.",https://bulbapedia.bulbagarden.net/wiki/Storm_Drain_(Ability),
7a9620f1-d972-429f-a5c3-e50b4830ea09,ice-body,Ice Body,The Pokémon gradually regains HP in snow.,https://bulbapedia.bulbagarden.net/wiki/Ice_Body_(Ability),
150a9243-e6b4-453e-9617-2948fc60e5f3,solid-rock,Solid Rock,Reduces the power of supereffective attacks that hit the Pokémon.,https://bulbapedia.bulbagarden.net/wiki/Solid_Rock_(Ability),
4d4633ae-552f-4000-8ad1-f094bf355d9f,snow-warning,Snow Warning,The Pokémon makes it snow when it enters a battle.,https://bulbapedia.bulbagarden.net/wiki/Snow_Warning_(Ability),
fa543673-44ad-4324-9635-d78d7eb7d087,honey-gather,Honey Gather,The Pokémon may gather Honey after a battle.,https://bulbapedia.bulbagarden.net/wiki/Honey_Gather_(Ability),
71a1f148-93a0-4d81-86db-a974afc71dc2,frisk,Frisk,"When it enters a battle, the Pokémon can check an opposing Pokémon's held item.",https://bulbapedia.bulbagarden.net/wiki/Frisk_(Ability),
890b072b-cde7-4759-80ba-5d8dfb0d2113,reckless,Reckless,Powers up moves that have recoil damage.,https://bulbapedia.bulbagarden.net/wiki/Reckless_(Ability),
9310fe10-5faf-491f-be91-705fa66c8654,multitype,Multitype,Changes the Pokémon's type to match the plate it holds.,https://bulbapedia.bulbagarden.net/wiki/Multitype_(Ability),
3633da0b-faf2-4e0f-86f5-9f463a954343,flower-gift,Flower Gift,,https://bulbapedia.bulbagarden.net/wiki/Flower_Gift_(Ability),
0371560e-4ed9-4dce-a444-1bbb73ed26de,bad-dreams,Bad Dreams,Damages opposing Pokémon that are asleep.,https://bulbapedia.bulbagarden.net/wiki/Bad_Dreams_(Ability),
14e2ce9d-4f59-4ac2-a41d-69c053e06f80,pickpocket,Pickpocket,The Pokémon steals the held item from attackers that made direct contact with it.,https://bulbapedia.bulbagarden.net/wiki/Pickpocket_(Ability),
2ab89d3a-4026-4c60-8ea0-0c8fa3d6f99d,sheer-force,Sheer Force,"Removes any additional effects from the Pokémon's moves, but increases the moves' power.",https://bulbapedia.bulbagarden.net/wiki/Sheer_Force_(Ability),
7a898f55-8274-4240-af64-8e872e6c5ecb,contrary,Contrary,Reverses any stat changes affecting the Pokémon so that attempts to boost its stats instead lower them—and attempts to lower its stats will boost them.,https://bulbapedia.bulbagarden.net/wiki/Contrary_(Ability),
b58073a5-6377-46f3-8b08-c6fcba989700,unnerve,Unnerve,Unnerves opposing Pokémon and makes them unable to eat Berries.,https://bulbapedia.bulbagarden.net/wiki/Unnerve_(Ability),
958993e6-ce4b-4494-aa3c-03e9beca91e3,defiant,Defiant,"If the Pokémon has any stat lowered by an opposing Pokémon, its Attack stat will be boosted sharply.",https://bulbapedia.bulbagarden.net/wiki/Defiant_(Ability),
ce461355-5522-45da-b5a6-42444c11e0c0,defeatist,Defeatist,,https://bulbapedia.bulbagarden.net/wiki/Defeatist_(Ability),
2d6d9444-0d59-49ed-9684-c320ca8f34a6,cursed-body,Cursed Body,May disable a move that has dealt damage to the Pokémon.,https://bulbapedia.bulbagarden.net/wiki/Cursed_Body_(Ability),
025ce689-78d0-43a1-8cb0-2d7bd612ac43,healer,Healer,Sometimes cures the status conditions of the Pokémon's allies.,https://bulbapedia.bulbagarden.net/wiki/Healer_(Ability),
7f22201e-ac0b-498b-8ca8-41540d3a93fb,friend-guard,Friend Guard,Reduces damage dealt to allies.,https://bulbapedia.bulbagarden.net/wiki/Friend_Guard_(Ability),
1d4d0e53-df07-4eba-9acc-68d2a9648163,weak-armor,Weak Armor,"The Pokémon's Defense stat is lowered when it takes damage from physical moves, but its Speed stat is sharply boosted.",https://bulbapedia.bulbagarden.net/wiki/Weak_Armor_(Ability),
10dfe50a-f76a-40ec-9eb4-030879ff3773,heavy-metal,Heavy Metal,Doubles the Pokémon's weight.,https://bulbapedia.bulbagarden.net/wiki/Heavy_Metal_(Ability),
7067c271-87d0-4123-9ace-9cef2f670afa,light-metal,Light Metal,Halves the Pokémon's weight.,https://bulbapedia.bulbagarden.net/wiki/Light_Metal_(Ability),
cc80da92-efb9-40a8-8898-ebe81c1e5834,multiscale,Multiscale,Reduces the amount of damage the Pokémon takes while its HP is full.,https://bulbapedia.bulbagarden.net/wiki/Multiscale_(Ability),
17a35611-edce-49bf-b310-42db9a6f7ca8,toxic-boost,Toxic Boost,Powers up physical moves when the Pokémon is poisoned.,https://bulbapedia.bulbagarden.net/wiki/Toxic_Boost_(Ability),
84eaf609-ce31-4d4d-9d0c-050378cc924a,flare-boost,Flare Boost,Powers up special moves when the Pokémon is burned.,https://bulbapedia.bulbagarden.net/wiki/Flare_Boost_(Ability),
d3da4b0e-2066-4f1d-a1fb-e2a5d4754b96,harvest,Harvest,May create another Berry after one is used.,https://bulbapedia.bulbagarden.net/wiki/Harvest_(Ability),
94a65090-0e0e-4f2f-8c34-91b711533cb6,telepathy,Telepathy,The Pokémon anticipates and dodges the attacks of its allies.,https://bulbapedia.bulbagarden.net/wiki/Telepathy_(Ability),
2b813320-e7a9-4165-a299-1f876d53a4e9,moody,Moody,"Every turn, one of the Pokémon's stats will be boosted sharply but another stat will be lowered.",https://bulbapedia.bulbagarden.net/wiki/Moody_(Ability),
edbecea3-ee18-4047-91d4-45a7b0964662,overcoat,Overcoat,The Pokémon takes no damage from sandstorms. It is also protected from the effects of powders and spores.,https://bulbapedia.bulbagarden.net/wiki/Overcoat_(Ability),
d582ab2c-2bff-4eaa-b0dd-e6cda17150fa,poison-touch,Poison Touch,May poison a target when the Pokémon makes contact.,https://bulbapedia.bulbagarden.net/wiki/Poison_Touch_(Ability),
1dcb9a72-8ec7-421a-98f8-84c00422beab,regenerator,Regenerator,The Pokémon has a little of its HP restored when withdrawn from battle.,https://bulbapedia.bulbagarden.net/wiki/Regenerator_(Ability),
272cacac-fe7b-4ccf-b536-06e9c50f4a38,big-pecks,Big Pecks,Prevents the Pokémon from having its Defense stat lowered.,https://bulbapedia.bulbagarden.net/wiki/Big_Pecks_(Ability),
6a04840d-6f6b-40ae-bbf0-bf5ac7490f01,sand-rush,Sand Rush,Boosts the Pokémon's Speed stat in a sandstorm.,https://bulbapedia.bulbagarden.net/wiki/Sand_Rush_(Ability),
7646bbb8-9591-47a6-bb4f-e5c223e13b34,wonder-skin,Wonder Skin,Makes status moves more likely to miss the Pokémon.,https://bulbapedia.bulbagarden.net/wiki/Wonder_Skin_(Ability),
3a4efd5e-86e9-470b-b229-bad6a8043089,analytic,Analytic,Boosts the power of the Pokémon's move if it is the last to act that turn.,https://bulbapedia.bulbagarden.net/wiki/Analytic_(Ability),
71337600-677f-4ce6-8f4d-fbd9b30bafda,illusion,Illusion,The Pokémon fools opponents by entering battle disguised as the last Pokémon in its Trainer's party.,https://bulbapedia.bulbagarden.net/wiki/Illusion_(Ability),
c1f1a312-de46-4547-9b94-d4e46cf02a05,imposter,Imposter,The Pokémon transforms itself into the Pokémon it's facing.,https://bulbapedia.bulbagarden.net/wiki/Imposter_(Ability),
5e1b8acf-362a-47dc-a365-6f012676963a,infiltrator,Infiltrator,"The Pokémon's moves are unaffected by the target's barriers, substitutes, and the like.",https://bulbapedia.bulbagarden.net/wiki/Infiltrator_(Ability),
d35438e2-f989-4ebc-bd4b-33680af4635f,mummy,Mummy,,https://bulbapedia.bulbagarden.net/wiki/Mummy_(Ability),
00296483-2fa6-496b-b348-e720b0237505,moxie,Moxie,"When the Pokémon knocks out a target, it shows moxie, which boosts its Attack stat.",https://bulbapedia.bulbagarden.net/wiki/Moxie_(Ability),
f754721d-732b-40e4-94cd-9c8fc9230d3b,justified,Justified,"When the Pokémon is hit by a Dark-type attack, its Attack stat is boosted by its sense of justice.",https://bulbapedia.bulbagarden.net/wiki/Justified_(Ability),
6daf4d28-a647-4ff8-9947-d5eebfc10e87,rattled,Rattled,"The Pokémon gets scared when hit by a Dark-, Ghost-, or Bug-type attack or if intimidated, which boosts its Speed stat.",https://bulbapedia.bulbagarden.net/wiki/Rattled_(Ability),
a6959de9-3b59-4323-85f1-5f3b589b86ea,magic-bounce,Magic Bounce,The Pokémon reflects status moves instead of getting hit by them.,https://bulbapedia.bulbagarden.net/wiki/Magic_Bounce_(Ability),
fe9d37c4-64e9-4d72-ad8c-a101d67e8200,sap-sipper,Sap Sipper,"The Pokémon takes no damage when hit by Grass-type moves. Instead, its Attack stat is boosted.",https://bulbapedia.bulbagarden.net/wiki/Sap_Sipper_(Ability),
b958ad54-9c15-4836-a48d-0f307146cba2,prankster,Prankster,Gives priority to the Pokémon's status moves.,https://bulbapedia.bulbagarden.net/wiki/Prankster_(Ability),
6e582895-144b-4dcd-925b-d23ee19603ff,sand-force,Sand Force,"Boosts the power of Rock-, Ground-, and Steel-type moves in a sandstorm.",https://bulbapedia.bulbagarden.net/wiki/Sand_Force_(Ability),
892b004e-1753-42e8-aef4-07f011079d70,iron-barbs,Iron Barbs,,https://bulbapedia.bulbagarden.net/wiki/Iron_Barbs_(Ability),
d7fc95ff-6c48-405f-93c3-354ca0d23c92,zen-mode,Zen Mode,,https://bulbapedia.bulbagarden.net/wiki/Zen_Mode_(Ability),
18405b87-b85a-465a-9165-b1be143be295,victory-star,Victory Star,,https://bulbapedia.bulbagarden.net/wiki/Victory_Star_(Ability),
51d13ab8-3556-4b96-99d0-e5435a5b2eb5,turboblaze,Turboblaze,,https://bulbapedia.bulbagarden.net/wiki/Turboblaze_(Ability),
14070b91-2ccf-4968-8e71-d40990b0dfc0,teravolt,Teravolt,,https://bulbapedia.bulbagarden.net/wiki/Teravolt_(Ability),
f4d6aff8-f1dd-4291-bf0e-a0154387fff7,aroma-veil,Aroma Veil,Protects the Pokémon and its allies from effects that prevent the use of moves.,https://bulbapedia.bulbagarden.net/wiki/Aroma_Veil_(Ability),
aaa09689-bb63-42b0-814a-86a57bb5795c,flower-veil,Flower Veil,Ally Grass-type Pokémon are protected from status conditions and the lowering of their stats.,https://bulbapedia.bulbagarden.net/wiki/Flower_Veil_(Ability),
b9d1890e-c808-4964-a258-c6a1959cba20,cheek-pouch,Cheek Pouch,"The Pokémon's HP is restored when it eats any Berry, in addition to the Berry's usual effect.",https://bulbapedia.bulbagarden.net/wiki/Cheek_Pouch_(Ability),
cb890ec8-ae81-4033-986e-54e8aa5b9ae0,protean,Protean,Changes the Pokémon's type to the type of the move it's about to use. This works only once each time the Pokémon enters battle.,https://bulbapedia.bulbagarden.net/wiki/Protean_(Ability),
d23f88cd-19f7-4b96-8888-b5e061975f3b,fur-coat,Fur Coat,Halves the damage from physical moves.,https://bulbapedia.bulbagarden.net/wiki/Fur_Coat_(Ability),
19a7380b-c3e1-4ddb-8949-1641c03aacd5,magician,Magician,The Pokémon steals the held item from any target it hits with a move.,https://bulbapedia.bulbagarden.net/wiki/Magician_(Ability),
21d28ba4-2526-4074-bc62-04aea757574e,bulletproof,Bulletproof,Protects the Pokémon from ball and bomb moves.,https://bulbapedia.bulbagarden.net/wiki/Bulletproof_(Ability),
973867e9-8512-4b41-b0e7-54b30ee479f2,competitive,Competitive,Boosts the Pokémon's Sp. Atk stat sharply when its stats are lowered by an opposing Pokémon.,https://bulbapedia.bulbagarden.net/wiki/Competitive_(Ability),
b28c1c77-60bb-4977-95b7-a0422d38e441,strong-jaw,Strong Jaw,The Pokémon's strong jaw boosts the power of its biting moves.,https://bulbapedia.bulbagarden.net/wiki/Strong_Jaw_(Ability),
9c18c6fd-c818-4edf-ad97-5b08a7ddcf29,refrigerate,Refrigerate,,https://bulbapedia.bulbagarden.net/wiki/Refrigerate_(Ability),
78851272-f4b7-4c25-b442-043afc5741e7,sweet-veil,Sweet Veil,Prevents the Pokémon and its allies from falling asleep.,https://bulbapedia.bulbagarden.net/wiki/Sweet_Veil_(Ability),
4c204386-0a55-41ab-b8e7-508e9f7322e2,stance-change,Stance Change,,https://bulbapedia.bulbagarden.net/wiki/Stance_Change_(Ability),
5b92c1d5-0b65-4b3c-9dbf-2cdd17559da8,gale-wings,Gale Wings,Gives priority to the Pokémon's Flying-type moves while its HP is full.,https://bulbapedia.bulbagarden.net/wiki/Gale_Wings_(Ability),
27cafedf-5fb3-4bea-b5ab-7ddbac3e31ca,mega-launcher,Mega Launcher,Powers up pulse moves.,https://bulbapedia.bulbagarden.net/wiki/Mega_Launcher_(Ability),
c454366d-969b-461b-bfa7-6b23eeb8bf6f,grass-pelt,Grass Pelt,Boosts the Pokémon's Defense stat on Grassy Terrain.,https://bulbapedia.bulbagarden.net/wiki/Grass_Pelt_(Ability),
e4a84102-9e4b-4d98-887f-7c55450069e9,symbiosis,Symbiosis,The Pokémon passes its held item to an ally that has used up an item.,https://bulbapedia.bulbagarden.net/wiki/Symbiosis_(Ability),
3490beaa-4d49-40b4-856e-ad959251f393,tough-claws,Tough Claws,Powers up moves that make direct contact.,https://bulbapedia.bulbagarden.net/wiki/Tough_Claws_(Ability),
6400bc69-bea0-43f3-b912-a646b803573c,pixilate,Pixilate,Normal-type moves become Fairy-type moves. The power of those moves is boosted a little.,https://bulbapedia.bulbagarden.net/wiki/Pixilate_(Ability),
814fd069-6873-4bfc-ab4f-91d2c23bdbd8,gooey,Gooey,Contact with the Pokémon lowers the attacker's Speed stat.,https://bulbapedia.bulbagarden.net/wiki/Gooey_(Ability),
577f2fbf-0cdd-46dc-b800-0b89c1f3755d,aerilate,Aerilate,,https://bulbapedia.bulbagarden.net/wiki/Aerilate_(Ability),
91708c43-4bba-42ef-bf3d-fe05b4b7a7af,parental-bond,Parental Bond,,https://bulbapedia.bulbagarden.net/wiki/Parental_Bond_(Ability),
d6df4e1e-c65f-466d-bc90-dcf12b708675,dark-aura,Dark Aura,,https://bulbapedia.bulbagarden.net/wiki/Dark_Aura_(Ability),
807b8ee1-f541-4a18-b2d4-7b5bc1fc351a,fairy-aura,Fairy Aura,,https://bulbapedia.bulbagarden.net/wiki/Fairy_Aura_(Ability),
a0c3405d-4667-4101-99bd-6674ba78b8ec,aura-break,Aura Break,,https://bulbapedia.bulbagarden.net/wiki/Aura_Break_(Ability),
3dd20682-9b68-4f4c-9d91-7e9aa2bc81c4,primordial-sea,Primordial Sea,,https://bulbapedia.bulbagarden.net/wiki/Primordial_Sea_(Ability),
d0199bc7-eafa-44da-bde0-e5f672142cad,desolate-land,Desolate Land,,https://bulbapedia.bulbagarden.net/wiki/Desolate_Land_(Ability),
83a836fa-9398-4101-8ab5-ac39eeaeace1,delta-stream,Delta Stream,,https://bulbapedia.bulbagarden.net/wiki/Delta_Stream_(Ability),
61dc114a-34f8-4df4-9b46-6f19deaf7ea5,stamina,Stamina,Boosts the Defense stat when the Pokémon is hit by an attack.,https://bulbapedia.bulbagarden.net/wiki/Stamina_(Ability),
6cecca23-3a2f-422f-aa72-0c5ed9008c1b,wimp-out,Wimp Out,,https://bulbapedia.bulbagarden.net/wiki/Wimp_Out_(Ability),
338f8a47-21fc-403e-bec1-978cc70154d7,emergency-exit,Emergency Exit,,https://bulbapedia.bulbagarden.net/wiki/Emergency_Exit_(Ability),
f3916f8b-46f8-4b48-99ab-781f3e675155,water-compaction,Water Compaction,Boosts the Defense stat sharply when the Pokémon is hit by a Water-type move.,https://bulbapedia.bulbagarden.net/wiki/Water_Compaction_(Ability),
bdd5f77c-89d5-499e-9e2e-81318c632071,merciless,Merciless,The Pokémon's attacks become critical hits if the target is poisoned.,https://bulbapedia.bulbagarden.net/wiki/Merciless_(Ability),
0a7312cf-9d25-4028-be6e-06b0af6b29d9,shields-down,Shields Down,,https://bulbapedia.bulbagarden.net/wiki/Shields_Down_(Ability),
690c06d2-c65d-479d-8412-6732a6157d77,stakeout,Stakeout,Doubles the damage dealt to a target that has just switched into battle.,https://bulbapedia.bulbagarden.net/wiki/Stakeout_(Ability),
940fbf62-581d-4d23-ab68-7f27a0874489,water-bubble,Water Bubble,,https://bulbapedia.bulbagarden.net/wiki/Water_Bubble_(Ability),
fc80c47c-aae8-4cee-bb1f-84b3d90c5513,steelworker,Steelworker,,https://bulbapedia.bulbagarden.net/wiki/Steelworker_(Ability),
9a05b867-1cc5-4f51-a8d2-9d41e42e16cb,berserk,Berserk,Boosts the Pokémon's Sp. Atk stat when it takes a hit that causes its HP to drop to half or less.,https://bulbapedia.bulbagarden.net/wiki/Berserk_(Ability),
f7d37585-f9ab-4fac-87d8-a36e63ba2941,slush-rush,Slush Rush,Boosts the Pokémon's Speed stat in snow.,https://bulbapedia.bulbagarden.net/wiki/Slush_Rush_(Ability),
3bc65665-5142-4140-93d5-e06c67aa4c15,long-reach,Long Reach,The Pokémon uses its moves without making contact with the target.,https://bulbapedia.bulbagarden.net/wiki/Long_Reach_(Ability),
26f61cf8-30ab-4cd2-a8d4-fac01a64f8a6,liquid-voice,Liquid Voice,,https://bulbapedia.bulbagarden.net/wiki/Liquid_Voice_(Ability),
5832f20b-e9d2-4dee-8732-1bd410eaa100,triage,Triage,,https://bulbapedia.bulbagarden.net/wiki/Triage_(Ability),
d421fb2b-ab28-4a95-aeb4-7b15f8f61ac3,galvanize,Galvanize,,https://bulbapedia.bulbagarden.net/wiki/Galvanize_(Ability),
3cf662eb-7e49-418c-80bb-03b44b7be85a,surge-surfer,Surge Surfer,Doubles the Pokémon's Speed stat on Electric Terrain.,https://bulbapedia.bulbagarden.net/wiki/Surge_Surfer_(Ability),
80f016cb-3f17-4dd4-82b1-3856d983c1d8,schooling,Schooling,,https://bulbapedia.bulbagarden.net/wiki/Schooling_(Ability),
c3800ea5-a750-4f8d-a525-40428d2e10dd,disguise,Disguise,"Once per battle, the shroud that covers the Pokémon can protect it from an attack.",https://bulbapedia.bulbagarden.net/wiki/Disguise_(Ability),
2085352d-62ec-4446-bc28-53f11c955474,battle-bond,Battle Bond,"When the Pokémon knocks out a target, its bond with its Trainer is strengthened, and its Attack, Sp. Atk, and Speed stats are boosted.",https://bulbapedia.bulbagarden.net/wiki/Battle_Bond_(Ability),
d9ae6513-1992-4a33-bd86-26d8c206e37c,power-construct,Power Construct,,https://bulbapedia.bulbagarden.net/wiki/Power_Construct_(Ability),
9abd7e88-dd31-4796-85a1-2b7784789465,corrosion,Corrosion,The Pokémon can poison the target even if it's a Steel or Poison type.,https://bulbapedia.bulbagarden.net/wiki/Corrosion_(Ability),
0fed0b61-0191-455b-b4b3-2a551b898558,comatose,Comatose,The Pokémon is always drowsing and will never wake up. It can attack while in its sleeping state.,https://bulbapedia.bulbagarden.net/wiki/Comatose_(Ability),
8a727cfe-1836-4e71-b6ce-3264da0fce0b,queenly-majesty,Queenly Majesty,The Pokémon's majesty pressures opponents and makes them unable to use priority moves against the Pokémon or its allies.,https://bulbapedia.bulbagarden.net/wiki/Queenly_Majesty_(Ability),
b24bfbf6-a393-4f7f-afb3-ba0a9f2edff2,innards-out,Innards Out,,https://bulbapedia.bulbagarden.net/wiki/Innards_Out_(Ability),
6a5ce497-6697-4ad7-a719-e5ea7b6a947b,dancer,Dancer,"Whenever a dance move is used in battle, the Pokémon will copy the user to immediately perform that dance move itself.",https://bulbapedia.bulbagarden.net/wiki/Dancer_(Ability),
4a76171b-e53f-4f5e-a1f9-8536932ed0d8,battery,Battery,,https://bulbapedia.bulbagarden.net/wiki/Battery_(Ability),
be35c3c7-f12d-40ec-894d-cb200f44f188,fluffy,Fluffy,"Halves the damage taken from moves that make direct contact, but doubles that of Fire-type moves.",https://bulbapedia.bulbagarden.net/wiki/Fluffy_(Ability),
c9df5aed-b014-4664-a741-f76b8e150ad1,dazzling,Dazzling,"The Pokémon dazzles its opponents, making them unable to use priority moves against the Pokémon or its allies.",https://bulbapedia.bulbagarden.net/wiki/Dazzling_(Ability),
64d117ba-a5ab-47a2-8bc0-d5239b0e97e3,soul-heart,Soul-Heart,Boosts the Pokémon's Sp. Atk stat every time another Pokémon faints.,https://bulbapedia.bulbagarden.net/wiki/Soul-Heart_(Ability),
fb6e22e7-cb49-485c-bfa4-3582f9dcd173,tangling-hair,Tangling Hair,Contact with the Pokémon lowers the attacker's Speed stat.,https://bulbapedia.bulbagarden.net/wiki/Tangling_Hair_(Ability),
ff9d4f83-f2ff-4b8c-b796-84b1326f830a,receiver,Receiver,The Pokémon copies the Ability of a defeated ally.,https://bulbapedia.bulbagarden.net/wiki/Receiver_(Ability),
cf37ff44-daa7-4d6d-9388-d269b63aebf8,power-of-alchemy,Power of Alchemy,The Pokémon copies the Ability of a defeated ally.,https://bulbapedia.bulbagarden.net/wiki/Power_of_Alchemy_(Ability),
c022c8af-ddf0-4635-8330-febf4882a906,beast-boost,Beast Boost,,https://bulbapedia.bulbagarden.net/wiki/Beast_Boost_(Ability),
0fa60af2-90a4-4101-a33a-6b40f8581d6b,rks-system,RKS System,,https://bulbapedia.bulbagarden.net/wiki/RKS_System_(Ability),
d306bd25-0acb-4254-a877-9858535527cd,electric-surge,Electric Surge,Turns the ground into Electric Terrain when the Pokémon enters a battle.,https://bulbapedia.bulbagarden.net/wiki/Electric_Surge_(Ability),
e43c7d90-577d-46bb-98dc-97d5a0661a71,psychic-surge,Psychic Surge,Turns the ground into Psychic Terrain when the Pokémon enters a battle.,https://bulbapedia.bulbagarden.net/wiki/Psychic_Surge_(Ability),
89ccc248-2bca-457b-a7bf-b834f1dccba8,misty-surge,Misty Surge,Turns the ground into Misty Terrain when the Pokémon enters a battle.,https://bulbapedia.bulbagarden.net/wiki/Misty_Surge_(Ability),
90664048-394e-4997-bf71-8228a04489d5,grassy-surge,Grassy Surge,Turns the ground into Grassy Terrain when the Pokémon enters a battle.,https://bulbapedia.bulbagarden.net/wiki/Grassy_Surge_(Ability),
35e40b3e-218e-46a5-8b53-0e1a1d0685e4,full-metal-body,Full Metal Body,,https://bulbapedia.bulbagarden.net/wiki/Full_Metal_Body_(Ability),
927b58d9-fe46-486e-9eb6-50a524bdeba7,shadow-shield,Shadow Shield,,https://bulbapedia.bulbagarden.net/wiki/Shadow_Shield_(Ability),
ce6d9235-06db-4aa4-acff-2d8612e9478e,prism-armor,Prism Armor,,https://bulbapedia.bulbagarden.net/wiki/Prism_Armor_(Ability),
2a4576d7-ebf1-4ea9-abd3-e49024d2afbf,neuroforce,Neuroforce,,https://bulbapedia.bulbagarden.net/wiki/Neuroforce_(Ability),
0e7749f3-3db7-420a-a694-416e69f5341e,intrepid-sword,Intrepid Sword,Boosts the Pokémon’s Attack stat the first time the Pokémon enters a battle.,https://bulbapedia.bulbagarden.net/wiki/Intrepid_Sword_(Ability),
cc2d7115-27a9-4825-800a-e588e0831a1b,dauntless-shield,Dauntless Shield,Boosts the Pokémon’s Defense stat the first time the Pokémon enters a battle.,https://bulbapedia.bulbagarden.net/wiki/Dauntless_Shield_(Ability),
2cc7209e-19dc-41f7-bd90-28bae7512eda,libero,Libero,Changes the Pokémon's type to the type of the move it's about to use. This works only once each time the Pokémon enters battle.,https://bulbapedia.bulbagarden.net/wiki/Libero_(Ability),
ceb0610e-3f84-442e-b9ce-cc8fd2312b9b,ball-fetch,Ball Fetch,,https://bulbapedia.bulbagarden.net/wiki/Ball_Fetch_(Ability),
575ecc07-c7f1-43c6-9ac4-6c16aed879f5,cotton-down,Cotton Down,,https://bulbapedia.bulbagarden.net/wiki/Cotton_Down_(Ability),
f1193218-3569-4caf-9526-ef64e860991f,propeller-tail,Propeller Tail,Ignores the effects of opposing Pokémon's Abilities and moves that draw in moves.,https://bulbapedia.bulbagarden.net/wiki/Propeller_Tail_(Ability),
fc12e4a5-18b9-42c1-afd2-0d5d96eebe57,mirror-armor,Mirror Armor,Bounces back only the stat-lowering effects that the Pokémon receives.,https://bulbapedia.bulbagarden.net/wiki/Mirror_Armor_(Ability),
dee6c81a-aab0-4701-929c-ba966c084e12,gulp-missile,Gulp Missile,,https://bulbapedia.bulbagarden.net/wiki/Gulp_Missile_(Ability),
ac4c6d96-07bd-4922-94bb-eb9122c94a95,stalwart,Stalwart,,https://bulbapedia.bulbagarden.net/wiki/Stalwart_(Ability),
68a36d59-3a7b-42e7-9ad4-0cff3efd4609,steam-engine,Steam Engine,Boosts the Speed stat drastically when the Pokémon is hit by a Fire- or Water-type move.,https://bulbapedia.bulbagarden.net/wiki/Steam_Engine_(Ability),
92607134-a74f-4239-857e-d4b2660a1dce,punk-rock,Punk Rock,Boosts the power of sound-based moves. The Pokémon also takes half the damage from these kinds of moves.,https://bulbapedia.bulbagarden.net/wiki/Punk_Rock_(Ability),
08e8fe52-9752-48a9-87df-29aa29b55598,sand-spit,Sand Spit,The Pokémon creates a sandstorm when it's hit by an attack.,https://bulbapedia.bulbagarden.net/wiki/Sand_Spit_(Ability),
6118b90d-aad6-4247-b14e-91401ad426c1,ice-scales,Ice Scales,"The Pokémon is protected by ice scales, which halve the damage taken from special moves.",https://bulbapedia.bulbagarden.net/wiki/Ice_Scales_(Ability),
9f39d463-6414-4c9d-ad23-84e5afffdc98,ripen,Ripen,Ripens Berries and doubles their effect.,https://bulbapedia.bulbagarden.net/wiki/Ripen_(Ability),
547d4750-f5c7-42fb-b1e0-2a78f64066cd,ice-face,Ice Face,"The Pokémon's ice head can take a physical attack as a substitute, but the attack also changes the Pokémon's appearance. The ice will be restored when it snows.",https://bulbapedia.bulbagarden.net/wiki/Ice_Face_(Ability),
e5ed0b5f-fd70-4a59-866d-0684010e76bb,power-spot,Power Spot,Just being next to the Pokémon powers up moves.,https://bulbapedia.bulbagarden.net/wiki/Power_Spot_(Ability),
e31fcdc7-eac5-49e7-94e4-450dc60bc87e,mimicry,Mimicry,,https://bulbapedia.bulbagarden.net/wiki/Mimicry_(Ability),
c4e1f07f-1ca6-49c9-a529-400db8742365,screen-cleaner,Screen Cleaner,,https://bulbapedia.bulbagarden.net/wiki/Screen_Cleaner_(Ability),
9aefa0a1-b02c-4fa0-9d6e-ba4b5b1427f0,steely-spirit,Steely Spirit,Powers up the Steel-type moves of the Pokémon and its allies.,https://bulbapedia.bulbagarden.net/wiki/Steely_Spirit_(Ability),
91a3acf3-27b3-49ba-98b1-a92bc652952b,perish-body,Perish Body,,https://bulbapedia.bulbagarden.net/wiki/Perish_Body_(Ability),
c49a499c-744a-4afc-90eb-1c58387a7261,wandering-spirit,Wandering Spirit,,https://bulbapedia.bulbagarden.net/wiki/Wandering_Spirit_(Ability),
c40d8780-471f-4a3c-b922-e94bb7794f42,gorilla-tactics,Gorilla Tactics,,https://bulbapedia.bulbagarden.net/wiki/Gorilla_Tactics_(Ability),
f461c56e-799d-4f21-9e2c-74162eafd1c7,neutralizing-gas,Neutralizing Gas,,https://bulbapedia.bulbagarden.net/wiki/Neutralizing_Gas_(Ability),
d34d4c1a-284e-4e4b-a07d-b67a52679b5b,pastel-veil,Pastel Veil,,https://bulbapedia.bulbagarden.net/wiki/Pastel_Veil_(Ability),
41e226a3-c0e9-4ab6-9fd5-b77bc4babc86,hunger-switch,Hunger Switch,,https://bulbapedia.bulbagarden.net/wiki/Hunger_Switch_(Ability),
f7267525-96ee-4905-a0ee-e9e46fe3c03f,quick-draw,Quick Draw,Enables the Pokémon to move first occasionally.,https://bulbapedia.bulbagarden.net/wiki/Quick_Draw_(Ability),
c912c890-da1f-4a57-b21d-1bbd44fefcd8,unseen-fist,Unseen Fist,,https://bulbapedia.bulbagarden.net/wiki/Unseen_Fist_(Ability),
35744790-b5e6-4d7d-a691-aa0f7047f91a,curious-medicine,Curious Medicine,"When the Pokémon enters a battle, it scatters medicine from its shell, which removes all stat changes from allies.",https://bulbapedia.bulbagarden.net/wiki/Curious_Medicine_(Ability),
dd624fe2-26d9-434f-9ca7-16c9c6aa6ac7,transistor,Transistor,Powers up Electric-type moves.,https://bulbapedia.bulbagarden.net/wiki/Transistor_(Ability),
0f491320-b3d3-4824-a4e6-146a4cef1b87,dragons-maw,Dragon’s Maw,Powers up Dragon-type moves.,https://bulbapedia.bulbagarden.net/wiki/Dragon’s_Maw_(Ability),
1f5875d8-77f2-4831-ae16-a4f0a49bffce,chilling-neigh,Chilling Neigh,"When the Pokémon knocks out a target, it utters a chilling neigh, which boosts its Attack stat.",https://bulbapedia.bulbagarden.net/wiki/Chilling_Neigh_(Ability),
c1ba97f1-7bf6-4178-9916-6a95d806ff83,grim-neigh,Grim Neigh,"When the Pokémon knocks out a target, it utters a terrifying neigh, which boosts its Sp. Atk stat.",https://bulbapedia.bulbagarden.net/wiki/Grim_Neigh_(Ability),
b25b1a71-c862-4528-b8dc-17e9c80e21ea,as-one-glastrier,As One,This Ability combines the effects of both Calyrex's Unnerve Ability and Glastrier's Chilling Neigh Ability.,https://bulbapedia.bulbagarden.net/wiki/As_One_(Ability),
fd4c5d69-154e-4cad-b073-f1bab583ed06,as-one-spectrier,As One,This Ability combines the effects of both Calyrex's Unnerve Ability and Spectrier's Grim Neigh Ability.,https://bulbapedia.bulbagarden.net/wiki/As_One_(Ability),
2fc2565c-0a09-436d-9f5d-23859bb010da,lingering-aroma,Lingering Aroma,Contact with the Pokémon changes the attacker's Ability to Lingering Aroma.,https://bulbapedia.bulbagarden.net/wiki/Lingering_Aroma_(Ability),
dab181ca-5c51-49c3-b79f-4e7a22288a24,seed-sower,Seed Sower,Turns the ground into Grassy Terrain when the Pokémon is hit by an attack.,https://bulbapedia.bulbagarden.net/wiki/Seed_Sower_(Ability),
c7a7d631-1894-43b8-96db-6be26c0afe70,thermal-exchange,Thermal Exchange,Boosts the Attack stat when the Pokémon is hit by a Fire-type move. The Pokémon also cannot be burned.,https://bulbapedia.bulbagarden.net/wiki/Thermal_Exchange_(Ability),
50f21856-107c-4d1f-a08d-72a85e670357,anger-shell,Anger Shell,"When an attack causes its HP to drop to half or less, the Pokémon gets angry. This lowers its Defense and Sp. Def stats but boosts its Attack, Sp. Atk, and Speed stats.",https://bulbapedia.bulbagarden.net/wiki/Anger_Shell_(Ability),
267eb143-6794-4e60-9de5-3745812dbb9b,purifying-salt,Purifying Salt,The Pokémon's pure salt protects it from status conditions and halves the damage taken from Ghost-type moves.,https://bulbapedia.bulbagarden.net/wiki/Purifying_Salt_(Ability),
76505dc8-8866-4420-b84a-4d2647211f70,well-baked-body,Well-Baked Body,"The Pokémon takes no damage when hit by Fire-type moves. Instead, its Defense stat is sharply boosted.",https://bulbapedia.bulbagarden.net/wiki/Well-Baked_Body_(Ability),
4d0aaa39-8e8f-44b6-923d-66e0f185fa80,wind-rider,Wind Rider,Boosts the Pokémon's Attack stat if Tailwind takes effect or if the Pokémon is hit by a wind move. The Pokémon also takes no damage from wind moves.,https://bulbapedia.bulbagarden.net/wiki/Wind_Rider_(Ability),
e1452f13-1909-4b3a-857f-6488bf883cb5,guard-dog,Guard Dog,Boosts the Pokémon’s Attack stat if intimidated. Moves and items that would force the Pokémon to switch out also fail to work.,https://bulbapedia.bulbagarden.net/wiki/Guard_Dog_(Ability),
9b657c72-0efe-45fb-9c42-1192d380422f,rocky-payload,Rocky Payload,Powers up Rock-type moves.,https://bulbapedia.bulbagarden.net/wiki/Rocky_Payload_(Ability),
b8046e83-f23f-4bc5-aa5f-c844eca214ce,wind-power,Wind Power,"The Pokémon becomes charged when it is hit by a wind move, boosting the power of the next Electric-type move the Pokémon uses.",https://bulbapedia.bulbagarden.net/wiki/Wind_Power_(Ability),
425b0010-dd05-4920-875d-1c55ef94f4dd,zero-to-hero,Zero to Hero,The Pokémon transforms into its Hero Form when it switches out.,https://bulbapedia.bulbagarden.net/wiki/Zero_to_Hero_(Ability),
f9b07150-0359-4edb-8613-4382c436bb3d,commander,Commander,"When the Pokémon enters a battle, it goes inside the mouth of an ally Dondozo if one is on the field. The Pokémon then issues commands from there.",https://bulbapedia.bulbagarden.net/wiki/Commander_(Ability),
7468a633-d3ef-4848-9c6b-777df37ec52f,electromorphosis,Electromorphosis,"The Pokémon becomes charged when it takes damage, boosting the power of the next Electric-type move the Pokémon uses.",https://bulbapedia.bulbagarden.net/wiki/Electromorphosis_(Ability),
5cda3eca-4390-4359-a5dd-40ab06e1402d,protosynthesis,Protosynthesis,Boosts the Pokémon's most proficient stat in harsh sunlight or if the Pokémon is holding Booster Energy.,https://bulbapedia.bulbagarden.net/wiki/Protosynthesis_(Ability),
b0ece44d-d9d6-46f2-8d3a-8a0352b5dafe,quark-drive,Quark Drive,Boosts the Pokémon's most proficient stat on Electric Terrain or if the Pokémon is holding Booster Energy.,https://bulbapedia.bulbagarden.net/wiki/Quark_Drive_(Ability),
f4e9e8a7-a69a-42c7-993c-facf1136b139,good-as-gold,Good as Gold,"A body of pure, solid gold gives the Pokémon full immunity to other Pokémon's status moves.",https://bulbapedia.bulbagarden.net/wiki/Good_as_Gold_(Ability),
d8acef15-b1ba-45b3-9f1c-03ce663e7415,vessel-of-ruin,Vessel of Ruin,The power of the Pokémon's ruinous vessel lowers the Sp. Atk stats of all Pokémon except itself.,https://bulbapedia.bulbagarden.net/wiki/Vessel_of_Ruin_(Ability),
320054e9-3758-46a2-939e-d73f5563acb8,sword-of-ruin,Sword of Ruin,The power of the Pokémon's ruinous sword lowers the Defense stats of all Pokémon except itself.,https://bulbapedia.bulbagarden.net/wiki/Sword_of_Ruin_(Ability),
ae0beaa6-3efa-45a3-b72a-9f229cfd4fe4,tablets-of-ruin,Tablets of Ruin,The power of the Pokémon's ruinous wooden tablets lowers the Attack stats of all Pokémon except itself.,https://bulbapedia.bulbagarden.net/wiki/Tablets_of_Ruin_(Ability),
cdf45628-97a9-4598-9fb1-a96bc0761706,beads-of-ruin,Beads of Ruin,The power of the Pokémon's ruinous beads lowers the Sp. Def stats of all Pokémon except itself.,https://bulbapedia.bulbagarden.net/wiki/Beads_of_Ruin_(Ability),
6a670d53-283c-4a87-b5a5-cd74b9e81205,orichalcum-pulse,Orichalcum Pulse,Turns the sunlight harsh when the Pokémon enters a battle. The ancient pulse thrumming through the Pokémon also boosts its Attack stat in harsh sunlight.,https://bulbapedia.bulbagarden.net/wiki/Orichalcum_Pulse_(Ability),
6a39a804-8578-41b8-9707-76a9b7ce99b4,hadron-engine,Hadron Engine,Turns the ground into Electric Terrain when the Pokémon enters a battle. The futuristic engine within the Pokémon also boosts its Sp. Atk stat on Electric Terrain.,https://bulbapedia.bulbagarden.net/wiki/Hadron_Engine_(Ability),
f34c08c8-b1d4-42b7-af91-14d6e0b7662c,opportunist,Opportunist,"If an opponent's stat is boosted, the Pokémon seizes the opportunity to boost the same stat for itself.",https://bulbapedia.bulbagarden.net/wiki/Opportunist_(Ability),
68bf22ad-d4d3-43bd-a569-89255f457e5e,cud-chew,Cud Chew,"When the Pokémon eats a Berry, it will regurgitate that Berry at the end of the next turn and eat it one more time.",https://bulbapedia.bulbagarden.net/wiki/Cud_Chew_(Ability),
de2a2786-59c8-48c5-b054-97672edc5ae0,sharpness,Sharpness,Powers up slicing moves.,https://bulbapedia.bulbagarden.net/wiki/Sharpness_(Ability),
2340e866-1a24-4dbf-8d1e-cc1f9f36b1b4,supreme-overlord,Supreme Overlord,"When the Pokémon enters a battle, its Attack and Sp. Atk stats are slightly boosted for each of the allies in its party that have already been defeated.",https://bulbapedia.bulbagarden.net/wiki/Supreme_Overlord_(Ability),
ce20c632-4d81-4a31-808d-323d1099d031,costar,Costar,"When the Pokémon enters a battle, it copies an ally's stat changes.",https://bulbapedia.bulbagarden.net/wiki/Costar_(Ability),
48437300-faa4-4a8b-bc14-5398436c3451,toxic-debris,Toxic Debris,Scatters poison spikes at the feet of the opposing team when the Pokémon takes damage from physical moves.,https://bulbapedia.bulbagarden.net/wiki/Toxic_Debris_(Ability),
867c4c93-7de1-4b55-a34b-59c5bd54f780,armor-tail,Armor Tail,The mysterious tail covering the Pokémon's head makes opponents unable to use priority moves against the Pokémon or its allies.,https://bulbapedia.bulbagarden.net/wiki/Armor_Tail_(Ability),
17e72d25-799b-4189-9bce-06ff5f5306f0,earth-eater,Earth Eater,"If hit by a Ground-type move, the Pokémon has its HP restored instead of taking damage.",https://bulbapedia.bulbagarden.net/wiki/Earth_Eater_(Ability),
f9ba590a-8bda-45a8-9e37-6a7997dc91b8,mycelium-might,Mycelium Might,"The Pokémon will always act more slowly when using status moves, but these moves will be unimpeded by the Ability of the target.",https://bulbapedia.bulbagarden.net/wiki/Mycelium_Might_(Ability),
d0ca7a6e-e8d3-400f-8ae1-8878b95bcf20,minds-eye,Mind’s Eye,,https://bulbapedia.bulbagarden.net/wiki/Mind’s_Eye_(Ability),
69ad1c95-11cb-4a40-8b36-e714456caf16,supersweet-syrup,Supersweet Syrup,,https://bulbapedia.bulbagarden.net/wiki/Supersweet_Syrup_(Ability),
ed991bef-89bc-46b2-bc83-5427c36e1801,hospitality,Hospitality,,https://bulbapedia.bulbagarden.net/wiki/Hospitality_(Ability),
4a4baedc-9246-4d95-9094-81db102702fe,toxic-chain,Toxic Chain,,https://bulbapedia.bulbagarden.net/wiki/Toxic_Chain_(Ability),
91a2c7d7-0960-4a79-9787-d6569e65ea74,embody-aspect,Embody Aspect,,https://bulbapedia.bulbagarden.net/wiki/Embody_Aspect_(Ability),
8128fd0d-cb63-4e50-8eb0-de2b87c54333,tera-shift,Tera Shift,,https://bulbapedia.bulbagarden.net/wiki/Tera_Shift_(Ability),
d1f4b095-7dc1-4473-9253-fbfc8db0c35c,tera-shell,Tera Shell,,https://bulbapedia.bulbagarden.net/wiki/Tera_Shell_(Ability),
1e769137-2237-4d22-b199-dfba8e23840b,teraform-zero,Teraform Zero,,https://bulbapedia.bulbagarden.net/wiki/Teraform_Zero_(Ability),
d96cbc82-c19b-4555-b532-f147f6e86929,poison-puppeteer,Poison Puppeteer,,https://bulbapedia.bulbagarden.net/wiki/Poison_Puppeteer_(Ability),
